{"energy": -233.8240966796875, "forces": {"__ndarray__": [[39, 3], "float32", [-0.00270555866882205, -0.0027725808322429657, 0.184742733836174, 0.0009966325014829636, -0.0037778783589601517, 0.18099090456962585, 0.0012280207592993975, -0.007002418395131826, 0.21313385665416718, 0.0005331560969352722, 0.0018874872475862503, 0.18079301714897156, -0.0024330560117959976, 0.0023765189107507467, 0.17188388109207153, 0.00394661258906126, -0.006950167939066887, 0.1799393594264984, 0.006551569327712059, 0.0010471390560269356, 0.2018544226884842, -0.009083057753741741, -0.00014981934509705752, 0.1898786723613739, 0.005245833192020655, -0.0032984570134431124, 0.2336818277835846, -0.00621609715744853, 0.012164892628788948, -0.1688985824584961, 0.005773416720330715, 0.008101159706711769, -0.12112151831388474, -0.005864955484867096, 0.004321243613958359, -0.14727526903152466, 0.023118311539292336, -0.009406385011970997, -0.12363480031490326, -0.0002619287115521729, 0.00016391853569075465, -0.13105836510658264, -0.031486086547374725, -0.011417685076594353, -0.11918764561414719, 0.020985709503293037, -0.024181552231311798, -0.1250849813222885, 0.0017246108036488295, -0.008289484307169914, -0.11274836957454681, -0.027332019060850143, -0.01755473017692566, -0.12402557581663132, 0.0032420081552118063, 0.002921523991972208, 0.0020493511110544205, -0.0012235420290380716, 0.0030402159318327904, 0.00328629813157022, 0.00037922224146313965, 0.0006372319767251611, 0.00046652992023155093, 0.00013799694715999067, 0.00017978745745494962, 0.00016961712390184402, 0.0003379762638360262, 0.0002614191616885364, 0.00019099001656286418, -0.00021923347958363593, 0.00033142915344797075, 0.00020405584655236453, -0.0010163269471377134, 0.003302342025563121, -0.0008160051074810326, 0.0016105039976537228, 0.002146763727068901, 0.00012870827049482614, 0.0002683475613594055, 0.0009964794153347611, 0.0002273747668368742, 0.0007001012563705444, 0.0017525581642985344, -0.0004480592906475067, 0.0005275961011648178, 7.355672278208658e-05, 0.0008539592963643372, 0.0007354952394962311, 0.0007833604468032718, 0.00013679609401151538, -0.0006337986560538411, 0.0020318576134741306, 0.0013136707711964846, -0.0022364158648997545, -0.007900841534137726, -0.050231777131557465, 0.0010145686101168394, 0.001326114172115922, 2.6472382160136476e-05, 0.00010314770042896271, 0.0017293134005740285, -0.0006018549902364612, 0.00046191737055778503, 0.006235816050320864, -0.0042073470540344715, 1.823343336582184e-05, 0.001611657440662384, -0.0002589467912912369, -0.1185884177684784, 0.05760963633656502, 0.08634575456380844, 0.01522897370159626, 0.010036228224635124, 0.03818432241678238, 0.16890662908554077, 0.013356895186007023, -0.051322851330041885]]}}