{"energy": -233.82269287109375, "forces": {"__ndarray__": [[39, 3], "float32", [-0.00283967237919569, -0.002993751084432006, 0.18337734043598175, 0.0011542905122041702, -0.0041514430195093155, 0.18021796643733978, 0.0013542774831876159, -0.007531766779720783, 0.21318478882312775, -4.678219556808472e-05, 0.0020394176244735718, 0.18081128597259521, -0.001875111018307507, 0.0026309865061193705, 0.17149652540683746, 0.004058592952787876, -0.006284803152084351, 0.18036526441574097, 0.005752070341259241, 0.0012258026981726289, 0.2015855312347412, -0.008318351581692696, -0.00010881293565034866, 0.18988719582557678, 0.005424231290817261, -0.0034269660245627165, 0.23429881036281586, -0.005940902512520552, 0.01192430779337883, -0.16960786283016205, 0.005813530180603266, 0.007937301881611347, -0.11918923258781433, -0.005847655236721039, 0.004996117204427719, -0.1490219533443451, 0.0227535180747509, -0.00925399363040924, -0.12107115238904953, -0.00022568200074601918, 5.303294165059924e-05, -0.12756380438804626, -0.030971599742770195, -0.011301836930215359, -0.11685078591108322, 0.020920906215906143, -0.024088086560368538, -0.12538182735443115, 0.0016176128992810845, -0.00809552427381277, -0.10912126302719116, -0.02757311798632145, -0.017613526433706284, -0.12531232833862305, 0.002481357892975211, 0.002182163530960679, 0.00038649863563477993, -4.4964952394366264e-05, 0.0017785171512514353, 0.0008706863736733794, 0.0005029778694733977, 0.0007060636417008936, 0.0004108692810405046, -0.00011015184281859547, 0.000523409980814904, -0.0004853495629504323, 0.00042041364940814674, 0.0006669552531093359, -0.000317217520205304, -6.474733527284116e-05, 0.00026469212025403976, 0.00028325614403001964, -0.0006768032908439636, 0.0026569711044430733, -0.0007062893710099161, 0.001721611712127924, 0.001976022031158209, -0.0002914472424890846, 0.00026444971445016563, 0.0009696311317384243, 0.00013227023009676486, 0.000542172696441412, 0.001679304987192154, -0.00025770426145754755, 0.0005605015903711319, 0.00038086710264906287, 0.0010086840484291315, 0.0009211339056491852, 0.0007605047430843115, 0.00028934713918715715, -0.0003341715782880783, 0.0020938527304679155, 0.0015145523939281702, -0.001831856439821422, 0.005297327414155006, 0.007054243702441454, 0.0002683154307305813, 0.001449926057830453, 0.000748109188862145, -0.00011559203267097473, 0.0017532575875520706, -0.0004239034024067223, -0.0006504952907562256, 0.004173007793724537, -0.003580984193831682, 3.6036595702171326e-05, 0.0017524899449199438, -0.0003722950932569802, 0.02073625847697258, 0.05870183929800987, -0.03770945221185684, 0.019983598962426186, -0.0027866745367646217, 0.04145272448658943, 0.026681257411837578, 0.011485161259770393, 0.011404605582356453]]}}