{"energy": -233.8226318359375, "forces": {"__ndarray__": [[39, 3], "float32", [-0.00276286737062037, -0.0029782874044030905, 0.1917491853237152, 0.00093875452876091, -0.004346277564764023, 0.18800315260887146, 0.0014618623536080122, -0.007324617821723223, 0.2201274037361145, 0.00048362091183662415, 0.002775100991129875, 0.18886947631835938, -0.00257004052400589, 0.0033377804793417454, 0.17908097803592682, 0.0042168255895376205, -0.006139097735285759, 0.18634290993213654, 0.006634872406721115, 0.0009973651031032205, 0.20936797559261322, -0.0092487633228302, -0.00048728418187238276, 0.1970793604850769, 0.005523919127881527, -0.0038060909137129784, 0.24084368348121643, -0.006356756668537855, 0.012699523009359837, -0.17652010917663574, 0.006016131490468979, 0.00851795356720686, -0.12849146127700806, -0.006272813770920038, 0.004942312370985746, -0.1548609733581543, 0.023745086044073105, -0.009583760984241962, -0.1275578737258911, -0.0002490550687070936, 0.00024956039851531386, -0.13524220883846283, -0.0323384590446949, -0.01175170298665762, -0.12325398623943329, 0.022721799090504646, -0.02600940316915512, -0.13524509966373444, 0.0019327554618939757, -0.00885327160358429, -0.12023930251598358, -0.02969244122505188, -0.018835416063666344, -0.13370931148529053, 0.002580338390544057, 0.0021116535644978285, 0.00036355305928736925, -5.1723443903028965e-05, 0.0017645786283537745, 0.0009570044931024313, 0.0004524685500655323, 0.0006632849108427763, 0.0005583486054092646, 0.0003235990006942302, 0.0003916268178727478, 0.00016452750423923135, 0.00024047022452577949, 0.0005469871684908867, 4.085636464878917e-05, -3.9442224078811705e-05, 4.254855593899265e-05, 0.0004704154562205076, -0.0007462166249752045, 0.002690671943128109, -0.0003983229398727417, 0.0015392564237117767, 0.0015932274982333183, 0.0003924816846847534, 0.0003050107625313103, 0.0010553743923082948, 0.00011446652206359431, 0.0005990113131701946, 0.0018004500307142735, -9.47436346905306e-05, 0.0005531962960958481, -0.00028483764617703855, 0.0011205167975276709, 0.0009240638464689255, 0.0007813567062839866, 0.0003455833066254854, -2.9526810976676643e-05, 0.0021543006878346205, 0.0014877037610858679, -0.0016679514665156603, 0.005924049764871597, -0.004591428674757481, 0.00030349125154316425, 0.0015052568633109331, 0.0005771183641627431, 0.000139724463224411, 0.00168444006703794, -0.0003728102892637253, 0.0003339741379022598, -0.010812489315867424, 0.016518186777830124, -4.706531763076782e-05, 0.0014854010660201311, 1.3987359125167131e-05, 0.026227695867419243, 0.0787544846534729, -0.03612104803323746, 0.015264354646205902, -0.005560890771448612, 0.020959150046110153, 0.024714283645153046, 0.015442470088601112, 0.01100819930434227]]}}