{"energy": -233.8255157470703, "forces": {"__ndarray__": [[39, 3], "float32", [-0.0027340343222022057, -0.0026065679267048836, 0.18724344670772552, 0.0010390151292085648, -0.003910871222615242, 0.18401502072811127, 0.0014093907084316015, -0.007266305387020111, 0.21678796410560608, 0.0002179611474275589, 0.0017405860126018524, 0.18460598587989807, -0.0022069341503083706, 0.0023161349818110466, 0.1749110072851181, 0.0041742329485714436, -0.006502841599285603, 0.18365314602851868, 0.005930187180638313, 0.0011312905699014664, 0.20504747331142426, -0.008537115529179573, -0.0002392520400462672, 0.19285710155963898, 0.005322660319507122, -0.003548336448147893, 0.23754490911960602, -0.0063119977712631226, 0.012580286711454391, -0.1725926548242569, 0.005768796894699335, 0.008203694596886635, -0.1215430349111557, -0.006077766418457031, 0.00477486290037632, -0.15134553611278534, 0.023322513327002525, -0.009447869844734669, -0.1243458241224289, -0.00020400826178956777, 0.00011460069799795747, -0.13260391354560852, -0.03154135122895241, -0.01147998496890068, -0.11956994980573654, 0.021594297140836716, -0.02456316538155079, -0.1284012496471405, 0.0017307091038674116, -0.008264655247330666, -0.1120443344116211, -0.028138121590018272, -0.017933083698153496, -0.12757538259029388, 0.0028194678016006947, 0.0024390355683863163, 0.000727612990885973, 0.0001123942929552868, 0.001755950739607215, 0.00086236372590065, 0.0005183758912608027, 0.0007388771045953035, 0.00046350350021384656, 1.4828327039140277e-05, 0.0004830383986700326, -0.0005173621466383338, 0.000693474430590868, 0.0006854107487015426, -0.0006504504708573222, -0.00011102142161689699, 0.00016530181164853275, 0.00032528972951695323, -0.0008351667784154415, 0.0029934621416032314, -0.0009964541532099247, 0.001620846102014184, 0.001943101640790701, -7.950407598400488e-05, 0.0003560138284228742, 0.0010426107328385115, 9.509344818070531e-05, 0.0006256010383367538, 0.0017498452216386795, -0.00014079612446948886, 0.0005258787423372269, 0.0004065855173394084, 0.0010939789935946465, 0.0010290276259183884, 0.0007604663260281086, 0.00018995719437953085, -0.00033455301309004426, 0.002067355439066887, 0.0010938850464299321, -0.0009421437280252576, 0.005699265748262405, 0.0044100238010287285, 0.000467897392809391, 0.0014726920053362846, 0.0007561113452538848, -9.050033986568451e-05, 0.0017991235945373774, -0.0004838769673369825, 0.0003115776926279068, 0.003759180661290884, -0.0028707506135106087, 0.00014572776854038239, 0.0016961127985268831, -0.0002507308963686228, 0.16611801087856293, 0.05624093860387802, -0.09221422672271729, 0.01630755141377449, -0.0009737297077663243, 0.04045943543314934, -0.1182754784822464, 0.016555553302168846, 0.07547467201948166]]}}