{"energy": -233.82028198242188, "forces": {"__ndarray__": [[39, 3], "float32", [-0.0028247120790183544, -0.002981272991746664, 0.18743237853050232, 0.001236356794834137, -0.004146289080381393, 0.18416932225227356, 0.0014122305437922478, -0.007906480692327023, 0.2181580364704132, -0.00015067309141159058, 0.0018840264528989792, 0.18477940559387207, -0.0018310928717255592, 0.00249647069722414, 0.17480933666229248, 0.004241027869284153, -0.0059676505625247955, 0.18461690843105316, 0.005274060182273388, 0.0013591819442808628, 0.2062038779258728, -0.00791282206773758, -0.00010135861521121114, 0.19406260550022125, 0.005564485676586628, -0.0033647879026830196, 0.23849129676818848, -0.006256102118641138, 0.012907481752336025, -0.17613038420677185, 0.005792258307337761, 0.008103515952825546, -0.12138257175683975, -0.006431726738810539, 0.005303723271936178, -0.15475428104400635, 0.023067934438586235, -0.009385038167238235, -0.1228124275803566, -0.00017410266445949674, 9.944121120497584e-05, -0.13068731129169464, -0.031276509165763855, -0.011392378248274326, -0.11901558190584183, 0.021892892196774483, -0.024991214275360107, -0.13084830343723297, 0.0016731142532080412, -0.008100371807813644, -0.10962671786546707, -0.028593825176358223, -0.018222322687506676, -0.1302684247493744, 0.002213655738160014, 0.0017906706780195236, -0.0007471059216186404, 0.0006568311946466565, 0.0011512420605868101, -0.0006013019010424614, 0.0005095910164527595, 0.00080968311522156, 0.00042917882092297077, 1.5683879610151052e-05, 0.0006494913250207901, -0.0007418747409246862, 0.0005834244075231254, 0.0007974648615345359, -0.0008104050648398697, -1.2922504538437352e-05, 6.758835661457852e-05, 0.0002343885280424729, -0.000791255384683609, 0.0028046397492289543, -0.0012092087417840958, 0.0016444483771920204, 0.0016800863668322563, -0.0002632690593600273, 0.00028780370485037565, 0.0009940160671249032, 2.623855834826827e-07, 0.0005458737723529339, 0.0017043808475136757, -6.786786252632737e-05, 0.0005509299808181822, 0.00033111684024333954, 0.0012262666132301092, 0.0009987559169530869, 0.0007343919714912772, 0.00041123206028714776, 0.0003587030223570764, 0.0021757136564701796, 0.0019750758074223995, -0.0020318746101111174, 0.017435330897569656, 0.053618114441633224, -0.0003185796085745096, 0.001725922804325819, 0.0013233749195933342, -0.00016969814896583557, 0.0019694215152412653, -0.0005328861880116165, 0.0003619510680437088, 0.002144953701645136, -0.0021356057841330767, 0.00018974393606185913, 0.0018092714017257094, -0.0002130523498635739, 0.17144779860973358, 0.05791124701499939, -0.15778574347496033, 0.014645774848759174, -0.011941161006689072, 0.044151123613119125, -0.11836191266775131, 0.017398376017808914, 0.06921663135290146]]}}