{"energy": -233.82534790039062, "forces": {"__ndarray__": [[39, 3], "float32", [-0.0029472126625478268, -0.00294058327563107, 0.17878547310829163, 0.001318514347076416, -0.004031825810670853, 0.17520542442798615, 0.0014666885836049914, -0.007744926493614912, 0.2091446816921234, -0.0003892723470926285, 0.0015248879790306091, 0.17570693790912628, -0.0015332093462347984, 0.002046124078333378, 0.16656562685966492, 0.003960567992180586, -0.006250196136534214, 0.17690594494342804, 0.0049968985840678215, 0.0014642530586570501, 0.19783760607242584, -0.0076233637519180775, 9.421085269423202e-05, 0.1857873797416687, 0.0054398938082158566, -0.003205246292054653, 0.23119445145130157, -0.006141782272607088, 0.012094940058887005, -0.16733798384666443, 0.005433103535324335, 0.007615686859935522, -0.11298028379678726, -0.0059097884222865105, 0.00470217689871788, -0.14551745355129242, 0.021967854350805283, -0.008894039317965508, -0.1170484647154808, -0.0002566865587141365, -5.2481540478765965e-05, -0.1229838952422142, -0.029785871505737305, -0.010712753981351852, -0.11238769441843033, 0.020017800852656364, -0.023084396496415138, -0.12011591345071793, 0.0015775555511936545, -0.007629489526152611, -0.10121051967144012, -0.02634272351861, -0.016891414299607277, -0.12017149478197098, 0.0024621475022286177, 0.0021514110267162323, 0.0003566131053958088, -0.0002281821216456592, 0.0018663284135982394, 0.0009620141936466098, 0.0005519047263078392, 0.0007218775572255254, 0.00035675748949870467, -0.00027130410308018327, 0.0006291733589023352, -0.0007610585889779031, 0.0006314429920166731, 0.0006622924702242017, -0.0006994864088483155, -2.8629034204641357e-05, 0.00037879118463024497, 9.08210058696568e-05, -0.0009689433500170708, 0.003234208095818758, -0.0014379024505615234, 0.001489829272031784, 0.002060876227915287, -0.0003618840128183365, 0.0003300134267192334, 0.0010242671705782413, 0.0001715260441415012, 0.000571252778172493, 0.0015566246584057808, -0.00034083996433764696, 0.0005259905010461807, 0.00090539560187608, 0.0007986394921317697, 0.0008758828043937683, 0.0007417864981107414, 0.00020182743901386857, -0.00034584428067319095, 0.0019685428123921156, 0.0017234381521120667, -0.0020805220119655132, 0.004825631156563759, 0.017525874078273773, 0.000354196410626173, 0.0014870220329612494, 0.0008623431785963476, -0.00019030366092920303, 0.0020583211444318295, -0.0007291497895494103, 0.0004719048738479614, 0.019350390881299973, -0.02305678278207779, 0.0001848023384809494, 0.0018230067798867822, -0.00044098563375882804, 0.023445939645171165, 0.03663130849599838, -0.040370579808950424, 0.014588173478841782, -0.0002480149269104004, 0.06255067884922028, 0.027815252542495728, 0.01500437967479229, 0.008944433182477951]]}}