{"energy": -233.81976318359375, "forces": {"__ndarray__": [[39, 3], "float32", [-0.0028702327981591225, -0.0030224830843508244, 0.1840602606534958, 0.0013823751360177994, -0.004173580557107925, 0.18021529912948608, 0.0014818537747487426, -0.0075355833396315575, 0.2140343189239502, -3.902614116668701e-05, 0.0020612310618162155, 0.18130549788475037, -0.0018893806263804436, 0.0025871603284031153, 0.1720624417066574, 0.004131271969527006, -0.006271279416978359, 0.18098534643650055, 0.005665580742061138, 0.0012074705446138978, 0.20229263603687286, -0.008320016786456108, -9.052737732417881e-05, 0.19053983688354492, 0.005482295993715525, -0.003389674471691251, 0.2349330484867096, -0.00652396259829402, 0.01274264045059681, -0.1716804802417755, 0.005616997368633747, 0.007930941879749298, -0.11962451040744781, -0.006199964322149754, 0.004489843733608723, -0.14903195202350616, 0.0228370763361454, -0.009289785288274288, -0.12190183997154236, -0.00026735590654425323, 0.00014161953004077077, -0.12754417955875397, -0.030927665531635284, -0.011177508160471916, -0.1169608011841774, 0.021282503381371498, -0.024240313097834587, -0.12682674825191498, 0.001780383288860321, -0.00808303989470005, -0.10968371480703354, -0.027650346979498863, -0.017722155898809433, -0.12562677264213562, 0.0025518788024783134, 0.0022462874185293913, 0.0004707672633230686, -0.00017540098633617163, 0.0019429554231464863, 0.0010232314234599471, 0.0005047883605584502, 0.0006790129118598998, 0.00037050960236229, 0.00015176173474173993, 0.0005048457533121109, -0.00019210728351026773, 0.0005897884839214385, 0.00046863837633281946, -0.00040959668694995344, -9.272994066122919e-05, 0.00027196796145290136, 0.0001920245704241097, -0.0009664082899689674, 0.0031716201920062304, -0.0012658473569899797, 0.0013566964771598577, 0.0015575754223391414, 0.00016900862101465464, 0.00024224750814028084, 0.0009216598118655384, 0.0001156968719442375, 0.0005964399315416813, 0.0016051693819463253, -0.0002502218121662736, 0.0005247853696346283, 0.00041472999146208167, 0.0009735603234730661, 0.0010165199637413025, 0.0007565049454569817, 0.0003043872711714357, -6.6124339355155826e-06, 0.0022280896082520485, 0.0017343059880658984, -0.001484416308812797, 0.005558883771300316, 0.007645933888852596, 0.00040280562825500965, 0.001387622207403183, 0.0006070806412026286, 0.0001527443528175354, 0.0019211189355701208, -0.0007168389274738729, 0.0016256850212812424, 0.0035454202443361282, -0.002590867457911372, 0.0002164747565984726, 0.0015487694181501865, -3.0100782169029117e-05, 0.028211599215865135, 0.05456603318452835, -0.03827735781669617, 0.00971279852092266, -0.0020498328376561403, 0.04054094851016998, 0.025981415063142776, 0.01901513710618019, 0.008552968502044678]]}}