{"energy": -233.81857299804688, "forces": {"__ndarray__": [[39, 3], "float32", [-0.0026786872185766697, -0.002791385166347027, 0.1880333572626114, 0.0009247791022062302, -0.003958513960242271, 0.18411362171173096, 0.0013528686249628663, -0.007633592933416367, 0.21737411618232727, 0.00015505589544773102, 0.0016066357493400574, 0.18418775498867035, -0.0023095819633454084, 0.0021903342567384243, 0.17430169880390167, 0.0040701013058424, -0.006381933577358723, 0.18409523367881775, 0.005768833681941032, 0.001359998481348157, 0.20527483522891998, -0.00834660790860653, 3.8019825296942145e-05, 0.19279208779335022, 0.0054274676367640495, -0.003419954562559724, 0.23745642602443695, -0.006277238484472036, 0.012722953222692013, -0.1755046248435974, 0.005819753743708134, 0.0084993876516819, -0.12299521267414093, -0.0064399465918540955, 0.004974170587956905, -0.15332089364528656, 0.02317037805914879, -0.00954485684633255, -0.12480618804693222, -0.00011458700464572757, 0.00012886431068181992, -0.13288414478302002, -0.03148013725876808, -0.011552741751074791, -0.12032303959131241, 0.02184941992163658, -0.024703731760382652, -0.130414679646492, 0.0016893454594537616, -0.008240836672484875, -0.11014769226312637, -0.02822657860815525, -0.01821843348443508, -0.12931343913078308, 0.002628106391057372, 0.00227515771985054, 0.00044091849122196436, -4.113826435059309e-08, 0.0017107012681663036, 0.001034867949783802, 0.00040108023677021265, 0.0007180018001236022, 0.00044128549052402377, -8.486188016831875e-05, 0.0005982722504995763, -0.0005441732937470078, 0.0005033474881201982, 0.0006016292609274387, -0.0004778276779688895, -0.00011122407158836722, 0.00023728817177470773, 0.0001600034738657996, -0.0009801527485251427, 0.0030438564717769623, -0.001124875620007515, 0.0016278717666864395, 0.0018137544393539429, -0.00015593785792589188, 0.000264052941929549, 0.0010004108771681786, 4.131792957196012e-05, 0.0005838559009134769, 0.0017241006717085838, -0.00017646689957473427, 0.00042561255395412445, -0.00012094392150174826, 0.0011717788875102997, 0.0008985046297311783, 0.0007411856786347926, 0.00020028030849061906, -0.00019784830510616302, 0.0022544784005731344, 0.0017920848913490772, -0.001065158168785274, 0.005584198981523514, 0.0022579978685826063, 0.0006108835805207491, 0.0014193186070770025, 0.0006431543151848018, -5.445629358291626e-05, 0.0017870008014142513, -0.0005270530818961561, 0.00030159391462802887, 0.004514625295996666, -0.0033340256195515394, 0.00016988255083560944, 0.0016886700177565217, -0.0003436312545090914, -0.3528236746788025, 0.06440954655408859, 0.09799577295780182, 0.015412314794957638, 0.00030919071286916733, 0.04109198600053787, 0.4068571627140045, 0.012150105088949203, -0.12838803231716156]]}}