{"energy": -233.82423400878906, "forces": {"__ndarray__": [[39, 3], "float32", [-0.00287250941619277, -0.0027737815398722887, 0.18934592604637146, 0.0009804219007492065, -0.003937123343348503, 0.1853639781475067, 0.0013297736877575517, -0.007434214930981398, 0.21794824302196503, 0.00029143504798412323, 0.0016767419874668121, 0.18534177541732788, -0.002489083679392934, 0.00218279380351305, 0.17552915215492249, 0.004098640289157629, -0.006516729481518269, 0.1846228837966919, 0.005908985622227192, 0.0012707330752164125, 0.20672820508480072, -0.008544109761714935, -0.0001112345271394588, 0.19357457756996155, 0.005398689303547144, -0.0034255103673785925, 0.2379242479801178, -0.006619081366807222, 0.012556126341223717, -0.17620937526226044, 0.005939878057688475, 0.008300410583615303, -0.12363410741090775, -0.006609024945646524, 0.00522003835067153, -0.15422402322292328, 0.02358080819249153, -0.009553883224725723, -0.12573815882205963, -0.00020220108854118735, 0.00015543843619525433, -0.13458625972270966, -0.03177141025662422, -0.011636707000434399, -0.12116353958845139, 0.021840378642082214, -0.024947941303253174, -0.13137216866016388, 0.001718810759484768, -0.008273374289274216, -0.11362356692552567, -0.02886708453297615, -0.0185124259442091, -0.12989644706249237, 0.003085618605837226, 0.002665101084858179, 0.0011156171094626188, 0.00047843356151133776, 0.0013405140489339828, 0.00012551779218483716, 0.0006637577898800373, 0.0008257769513875246, 0.00040166336111724377, 0.00017161313735414296, 0.0005760433850809932, -0.00034142128424718976, 0.0006797839305363595, 0.0009280527592636645, -0.0007360164308920503, -4.341665771789849e-06, 0.0001418045867467299, 0.00020023925753775984, -0.0009211162105202675, 0.003084314987063408, -0.0012212451547384262, 0.0016070520505309105, 0.0017993329092860222, -0.000150301493704319, 0.00029610906494781375, 0.0010298254201188684, 6.58750650472939e-06, 0.0006758607923984528, 0.0018432778306305408, -3.032369932043366e-05, 0.00045061297714710236, -0.0002057821984635666, 0.0011504617286846042, 0.001082140952348709, 0.0006649178685620427, 0.00019058314501307905, 0.0003122750495094806, 0.002276894636452198, 0.0021653841249644756, -0.00012686847185250372, 0.005212357267737389, 0.0001663988223299384, 0.0009369733743369579, 0.0015427912585437298, 0.0005991612561047077, -8.454546332359314e-05, 0.0017591385403648019, -0.00034018675796687603, -7.77803361415863e-05, 0.00455652829259634, -0.0034165438264608383, 0.00012852996587753296, 0.0018366186413913965, -0.00030777681968174875, -0.35857000946998596, 0.06568264216184616, 0.09682013094425201, 0.019735299050807953, 0.0009624574449844658, 0.040584586560726166, 0.40649980306625366, 0.00947591196745634, -0.12213334441184998]]}}