{"energy": -233.82177734375, "forces": {"__ndarray__": [[39, 3], "float32", [-0.002944459905847907, -0.002934448653832078, 0.18285758793354034, 0.0012772474437952042, -0.0041331034153699875, 0.17943531274795532, 0.0015391955384984612, -0.007493071723729372, 0.21249228715896606, -0.0003611333668231964, 0.001846354454755783, 0.17962777614593506, -0.001728982082568109, 0.002353982999920845, 0.17048199474811554, 0.004034737125039101, -0.00625248346477747, 0.17995043098926544, 0.0055970074608922005, 0.001364617608487606, 0.2012580782175064, -0.008073411881923676, 4.7425986849702895e-05, 0.18866956233978271, 0.005499295424669981, -0.003381395246833563, 0.2339104861021042, -0.006296591367572546, 0.012370848096907139, -0.16995470225811005, 0.005684392526745796, 0.00825440976768732, -0.11865812540054321, -0.006068399641662836, 0.004744097590446472, -0.14772829413414001, 0.02264638990163803, -0.009346594102680683, -0.12111031264066696, -0.0001932572340592742, 0.00018958497093990445, -0.12687568366527557, -0.030672453343868256, -0.011028940789401531, -0.11621710658073425, 0.021023670211434364, -0.024050556123256683, -0.1253456175327301, 0.0017629547510296106, -0.008031249046325684, -0.1059163436293602, -0.02722112648189068, -0.01764998957514763, -0.12432830780744553, 0.0025333398953080177, 0.0022253827191889286, 0.0005504083819687366, -6.615334132220596e-05, 0.001729215495288372, 0.0008467812440358102, 0.0004949538270011544, 0.0006862242007628083, 0.00042120955185964704, -0.00021133347763679922, 0.0006025339243933558, -0.0004992705071344972, 0.00046033115359023213, 0.0005922862910665572, -0.00035810121335089207, -3.925244163838215e-05, 0.00021490782091859728, 0.000139223673613742, -0.000821894034743309, 0.0028577763587236404, -0.0008922852575778961, 0.001564420759677887, 0.0018493933603167534, -2.1588057279586792e-05, 0.00023192308435682207, 0.0009647650294937193, 0.00010652960190782323, 0.0005777538754045963, 0.0015712520107626915, -0.0002304732333868742, 0.0004889690317213535, 0.0005127899348735809, 0.0009861037833616138, 0.0009847544133663177, 0.0007657348178327084, 9.154621511697769e-05, -0.000234556631767191, 0.002143769757822156, 0.0016742191510275006, -0.0021378169767558575, 0.0054000988602638245, 0.007115032058209181, 0.000332345487549901, 0.001364218071103096, 0.0006852847873233259, -9.876862168312073e-05, 0.0018021404976025224, -0.0005402229726314545, 0.00041786208748817444, 0.004436450079083443, -0.0036742007359862328, 0.00014972873032093048, 0.0016064076917245984, -0.0002730618871282786, 0.016160793602466583, 0.05921360105276108, -0.03467242419719696, 0.017680024728178978, -0.0028466221410781145, 0.041035763919353485, 0.03307964280247688, 0.009740850888192654, 0.007643445860594511]]}}