{"energy": -233.8206787109375, "forces": {"__ndarray__": [[39, 3], "float32", [-0.0029002646915614605, -0.0029388372786343098, 0.1833910197019577, 0.0011654756963253021, -0.004218501970171928, 0.17964856326580048, 0.001425224239937961, -0.0075423382222652435, 0.2130618393421173, -6.171688437461853e-05, 0.002109222114086151, 0.18041574954986572, -0.001973284874111414, 0.002526952652260661, 0.17108388245105743, 0.004172447137534618, -0.006283558439463377, 0.18055032193660736, 0.005745929665863514, 0.001142682507634163, 0.20178137719631195, -0.008224978111684322, -0.00014010885206516832, 0.18988311290740967, 0.005502717103809118, -0.003365532960742712, 0.2344043254852295, -0.006239329464733601, 0.012336782179772854, -0.17027848958969116, 0.00557695934548974, 0.007975190877914429, -0.11910270154476166, -0.0060690296813845634, 0.004798863548785448, -0.1485377699136734, 0.02265731245279312, -0.009251662530004978, -0.12112265080213547, -0.0002338778431294486, 9.95192676782608e-05, -0.12724298238754272, -0.030714277178049088, -0.011080572381615639, -0.11659563332796097, 0.02099468559026718, -0.024170618504285812, -0.12573474645614624, 0.001644171541556716, -0.008024369366466999, -0.10908139497041702, -0.027492452412843704, -0.017639368772506714, -0.12491628527641296, 0.0024727643467485905, 0.002121096244081855, 0.000497086439281702, -0.0001615020155441016, 0.0018713638419285417, 0.0010450679110363126, 0.0004998034564778209, 0.0007451941492035985, 0.0004044158849865198, 1.8201781131210737e-05, 0.0004851414996664971, -0.00037155294558033347, 0.0004786286735907197, 0.0006053564720787108, -0.000330962153384462, -0.0001216334494529292, 0.00022650913160759956, 0.0002385510306339711, -0.0007696361280977726, 0.002838741522282362, -0.0009463705937378109, 0.0014990943018347025, 0.0018266316037625074, -5.353005326469429e-05, 0.00024291434965562075, 0.0010238462127745152, 0.00012999602768104523, 0.0005364911630749702, 0.0016373293474316597, -0.0002538359258323908, 0.0005057210801169276, 0.00043379521230235696, 0.0010215566726401448, 0.000927269458770752, 0.0008247916121035814, 0.0003055244160350412, -0.0001893364969873801, 0.0020900557283312082, 0.001573343644849956, -0.0017487192526459694, 0.005315752699971199, 0.007266768254339695, 0.0002515746746212244, 0.0014613003004342318, 0.0007123276009224355, -7.063336670398712e-05, 0.0018497089622542262, -0.0005630767554976046, 0.0004550311714410782, 0.004015777260065079, -0.0032515365164726973, 6.616301834583282e-05, 0.0017351716523990035, -0.00022127559350337833, 0.024530544877052307, 0.05638359487056732, -0.03797806054353714, 0.014765135012567043, -0.0024448614567518234, 0.0410921573638916, 0.026291538029909134, 0.015277901664376259, 0.009910459630191326]]}}