{"energy": -233.82130432128906, "forces": {"__ndarray__": [[39, 3], "float32", [-0.0030273282900452614, -0.003030111314728856, 0.1865113228559494, 0.0012994781136512756, -0.004403099417686462, 0.18285059928894043, 0.0014430632581934333, -0.007738008629530668, 0.21652501821517944, -8.818507194519043e-05, 0.0023209471255540848, 0.18373747169971466, -0.0020994646474719048, 0.0028046334628015757, 0.17429772019386292, 0.0040694610215723515, -0.00610694196075201, 0.18323107063770294, 0.005851181223988533, 0.0011476448271423578, 0.2050761729478836, -0.008394870907068253, -0.00031749592744745314, 0.19256506860256195, 0.005603335332125425, -0.003352054860442877, 0.23773278295993805, -0.0064409044571220875, 0.012749922461807728, -0.17282183468341827, 0.005887880921363831, 0.007966209203004837, -0.12146767228841782, -0.006116767879575491, 0.005108341109007597, -0.15093374252319336, 0.02295198105275631, -0.009249787777662277, -0.1225385069847107, -0.00010185102291870862, 0.0001704437891021371, -0.1280403882265091, -0.031002068892121315, -0.011271154507994652, -0.1182941123843193, 0.021550724282860756, -0.02472209557890892, -0.12942811846733093, 0.0019207829609513283, -0.008240720257163048, -0.11219292879104614, -0.02800585888326168, -0.017826514318585396, -0.12813834846019745, 0.0024835795629769564, 0.0021044921595603228, 0.0002670611720532179, 0.00022058023023419082, 0.0015289902221411467, 0.0005200756131671369, 0.0004743885947391391, 0.0007912639994174242, 0.0004037806356791407, -6.336477235890925e-05, 0.0004656577075365931, -0.0004973773029632866, 0.0003537957672961056, 0.00037230196176096797, -0.0002397964126430452, -0.00010504959209356457, 0.00022224120039027184, 0.0002647196815814823, -0.0006969310343265533, 0.002650805748999119, -0.0006717303767800331, 0.0015048068016767502, 0.001608709804713726, 8.609611541032791e-05, 0.00024260205100290477, 0.0009099600720219314, 0.00013540350482799113, 0.0004360969178378582, 0.0014977362006902695, -0.00022816330601926893, 0.0006020795553922653, 0.0002931192866526544, 0.0009518584120087326, 0.0010600555688142776, 0.000645992171484977, 0.00022836343850940466, -0.00033202406484633684, 0.0021921105217188597, 0.0016396032879129052, -0.0020462200045585632, 0.008014041930437088, 0.013679184019565582, 0.0004918919876217842, 0.0014702226035296917, 0.0006441097939386964, -0.0002621244639158249, 0.001920927781611681, -0.0006423281156457961, 0.0003359224647283554, -0.0013964446261525154, 0.0037255624774843454, 0.0002324674278497696, 0.001814168645069003, -0.00027584467898122966, 0.015043627470731735, 0.049102019518613815, -0.03261033818125725, 0.017506862059235573, 0.010335976257920265, 0.022780459374189377, 0.0336264967918396, 0.009308894164860249, 0.007800618186593056]]}}