{"energy": -233.82078552246094, "forces": {"__ndarray__": [[39, 3], "float32", [-0.0029095886275172234, -0.003069930709898472, 0.18248826265335083, 0.001425197347998619, -0.004205387085676193, 0.1791442483663559, 0.0013635960640385747, -0.007768984884023666, 0.2132037729024887, -0.0003123003989458084, 0.0017941761761903763, 0.17949925363063812, -0.0017110700719058514, 0.002328213769942522, 0.1703224778175354, 0.004067456815391779, -0.006185282487422228, 0.18026047945022583, 0.005154422949999571, 0.0013859312748536468, 0.20141108334064484, -0.007842149585485458, 0.0001050355494953692, 0.18933863937854767, 0.005433238577097654, -0.0032356774900108576, 0.23462441563606262, -0.006459744181483984, 0.012581847608089447, -0.1707536280155182, 0.0056188409216701984, 0.007753869518637657, -0.11681345850229263, -0.0058668809942901134, 0.004963746294379234, -0.1490497589111328, 0.02229280397295952, -0.009137911722064018, -0.11967121064662933, -0.00030584243359044194, 0.0001331548555754125, -0.12506262958049774, -0.030367137864232063, -0.010900521650910378, -0.11537189036607742, 0.02077046036720276, -0.023955991491675377, -0.12467893958091736, 0.0016324971802532673, -0.007861998863518238, -0.10592971742153168, -0.027163797989487648, -0.017533233389258385, -0.1240960881114006, 0.002510075457394123, 0.0020549490582197905, 0.0002533778897486627, -0.00014397429185919464, 0.00173964723944664, 0.0008068523602560163, 0.0005322338547557592, 0.0006790262414142489, 0.0002511408820282668, -8.452465408481658e-05, 0.0005391567246988416, -0.0005295696901157498, 0.0005741493660025299, 0.0005340165225788951, -0.0004894069279544055, -6.662646774202585e-05, 0.00034974844311363995, 0.00012318044900894165, -0.0010140538215637207, 0.003168233670294285, -0.0012777475640177727, 0.001653302926570177, 0.002027992159128189, -0.00033761095255613327, 0.0003236414631828666, 0.0009585617226548493, 9.890832734527066e-05, 0.0005170200020074844, 0.001640191301703453, -0.00029379664920270443, 0.0005821932572871447, 0.00044830143451690674, 0.0010550337610766292, 0.001050928607583046, 0.0008368167327716947, 0.00019020357285626233, -1.97684857994318e-05, 0.002087180269882083, 0.0019580875523388386, -0.00198758183978498, 0.008810533210635185, 0.021665578708052635, 0.0001741375308483839, 0.001504778629168868, 0.0009036978590302169, 1.1291354894638062e-05, 0.0020224223844707012, -0.0006116103031672537, 0.0005077440291643143, 0.008749247528612614, -0.009845325723290443, 0.00011879019439220428, 0.0018086102791130543, -0.00024163925263565034, 0.024647703394293785, 0.04576504975557327, -0.04839305207133293, 0.01474742777645588, -0.0005947937024757266, 0.04482289031147957, 0.026590190827846527, 0.014349853619933128, 0.009524475783109665]]}}