{"energy": -233.82083129882812, "forces": {"__ndarray__": [[39, 3], "float32", [-0.002840598113834858, -0.002917881589382887, 0.18467850983142853, 0.0011340044438838959, -0.00426270067691803, 0.18104414641857147, 0.0014646627241745591, -0.007232603617012501, 0.21349389851093292, 0.0003519263118505478, 0.0021975021809339523, 0.18186882138252258, -0.00205713277682662, 0.002683596918359399, 0.17252838611602783, 0.004021145403385162, -0.0062524378299713135, 0.1811186671257019, 0.006190400570631027, 0.0010022800415754318, 0.2026934027671814, -0.008672242984175682, -0.0002644277992658317, 0.1903580129146576, 0.005370942875742912, -0.003509482368826866, 0.2346375286579132, -0.005917240399867296, 0.012222059071063995, -0.1700952649116516, 0.005703598260879517, 0.00823033507913351, -0.12138577550649643, -0.006283629219979048, 0.0045975251123309135, -0.14833152294158936, 0.023011881858110428, -0.009367195889353752, -0.12309232354164124, -0.00017297061276622117, 6.017679697833955e-05, -0.12979762256145477, -0.031326696276664734, -0.011282184161245823, -0.11810485273599625, 0.02124745398759842, -0.024432579055428505, -0.12704281508922577, 0.001738170743919909, -0.00832265056669712, -0.11231682449579239, -0.027902113273739815, -0.01779971458017826, -0.12617774307727814, 0.0024871027562767267, 0.002261436078697443, 0.0005533649818971753, -0.00018056455883197486, 0.0019060567719861865, 0.0010897645261138678, 0.0005217781290411949, 0.0007538879872299731, 0.0006207807455211878, 0.00013676227536052465, 0.0005398513749241829, -0.00021288130665197968, 0.000429225096013397, 0.000592439086176455, -0.0002661665203049779, -0.0001410521799698472, 0.0002010207826970145, 0.0003307611041236669, -0.0006078779697418213, 0.0026487568393349648, -0.0006253961473703384, 0.0013805190101265907, 0.0015502572059631348, 0.00019587483257055283, 0.00030375609640032053, 0.0010832196567207575, 0.00010164485865971074, 0.0007124077528715134, 0.0016961549408733845, -0.0001596000511199236, 0.0005577933043241501, 0.00043835851829499006, 0.0008968656184151769, 0.000782964751124382, 0.0008513464126735926, 0.0003809740883298218, -0.00033323606476187706, 0.002114064060151577, 0.0013393728295341134, -0.0016054296866059303, 0.0017499476671218872, -0.007646073587238789, 0.0004909147974103689, 0.0015855811070650816, 0.00035488110734149814, 5.443580448627472e-05, 0.0016701910644769669, -0.0005231089307926595, 0.000412503257393837, -3.496039425954223e-05, 0.0024855067022144794, 9.746477007865906e-05, 0.001614103210158646, -0.00012116244761273265, 0.024642903357744217, 0.06740494072437286, -0.027479615062475204, 0.014788792468607426, -0.003875120310112834, 0.03851069509983063, 0.02588392049074173, 0.016042694449424744, 0.01043892465531826]]}}