{"energy": -233.8266143798828, "forces": {"__ndarray__": [[39, 3], "float32", [-0.0027018291875720024, -0.0025605284608900547, 0.18804840743541718, 0.0008629672229290009, -0.0038237087428569794, 0.1845923662185669, 0.0012425577733665705, -0.007287273649126291, 0.21821187436580658, 0.00041727907955646515, 0.0017515812069177628, 0.18510717153549194, -0.002516578882932663, 0.0022350416984409094, 0.17501035332679749, 0.004064171575009823, -0.006723206955939531, 0.18463683128356934, 0.0061812130734324455, 0.0012497430434450507, 0.20592056214809418, -0.009016528725624084, -0.00029561950941570103, 0.19410322606563568, 0.005407936871051788, -0.0035632101353257895, 0.23776856064796448, -0.005663531366735697, 0.013098103925585747, -0.1746761053800583, 0.00597521523013711, 0.00837217178195715, -0.12417236715555191, -0.0059641762636601925, 0.004627601243555546, -0.15385617315769196, 0.023467468097805977, -0.009591854177415371, -0.12595172226428986, -0.000268416537437588, 0.0001602029660716653, -0.1341570019721985, -0.031836871057748795, -0.011709428392350674, -0.12179281562566757, 0.022179527208209038, -0.02484693005681038, -0.1301731914281845, 0.0018094719853252172, -0.00826226081699133, -0.11427686363458633, -0.028452081605792046, -0.01797327771782875, -0.1296308934688568, 0.002593098906800151, 0.00237212679348886, 0.000452463049441576, -0.0009887086926028132, 0.0028772535733878613, 0.0027170556131750345, 0.00033946946496143937, 0.0008258813759312034, 0.0005507486639544368, 5.1488575991243124e-05, 0.0006570073310285807, -0.0004454139852896333, 0.00021713785827159882, 0.00023287365911528468, 1.0616728104650974e-05, -8.800246723694727e-05, 0.00014276015281211585, 0.0002764921810012311, -0.000885767862200737, 0.0028930194675922394, -0.0012044413015246391, 0.0016269050538539886, 0.0019417442381381989, -0.000167003832757473, 0.00017127317551057786, 0.0010381772881373763, -7.972591993166134e-05, 0.000514165498316288, 0.0017183898016810417, -0.0004228592151775956, 0.000666934996843338, 0.00039697502506896853, 0.0014637276763096452, 0.0008942503482103348, 0.0009050807566381991, 0.00033408583840355277, -0.00123813864775002, 0.0020492523908615112, 0.0010375333949923515, -0.004468501545488834, 0.005888741463422775, 0.007979615591466427, -0.00013118539936840534, 0.001405811868607998, 0.0008911656914278865, -0.00010396726429462433, 0.0020027330610901117, -0.0006340362597256899, 0.0006301011890172958, 0.003207082860171795, -0.0017274023266509175, 1.4696270227432251e-05, 0.001541866222396493, -7.427028322126716e-05, 0.4366886615753174, 0.0559389665722847, -0.18821759521961212, 0.010194134898483753, 9.864024468697608e-05, 0.04072478041052818, -0.3806821405887604, 0.02216501347720623, 0.15533873438835144]]}}