{"energy": -233.8309783935547, "forces": {"__ndarray__": [[39, 3], "float32", [-0.002605660120025277, -0.002608939539641142, 0.18871304392814636, 0.0008829720318317413, -0.0037911050021648407, 0.1853826493024826, 0.0012132134288549423, -0.007330761291086674, 0.21892254054546356, 0.0005369223654270172, 0.0016255099326372147, 0.1858099400997162, -0.0025086309760808945, 0.0021924572065472603, 0.17581436038017273, 0.004140370525419712, -0.006602446548640728, 0.18516351282596588, 0.006303716450929642, 0.0011170214274898171, 0.2066308557987213, -0.008884476497769356, -0.0001870561536634341, 0.19443492591381073, 0.005214198958128691, -0.003483894979581237, 0.23774057626724243, -0.005982471629977226, 0.01291499100625515, -0.17536188662052155, 0.006066571921110153, 0.008257986046373844, -0.12431652098894119, -0.006236323155462742, 0.004923890810459852, -0.1542479693889618, 0.023662475869059563, -0.009614210575819016, -0.12675124406814575, -0.0001228766777785495, 0.00016444327775388956, -0.13534952700138092, -0.03205829858779907, -0.01180819608271122, -0.12239445745944977, 0.0221099890768528, -0.024843113496899605, -0.13106165826320648, 0.0015957114519551396, -0.008163186721503735, -0.11463336646556854, -0.028623787686228752, -0.01825595088303089, -0.13015232980251312, 0.0028986306861042976, 0.002674135845154524, 0.0010793607216328382, -0.00045878696255385876, 0.0024460500571876764, 0.0018916212720796466, 0.0005154357058927417, 0.0008471814217045903, 0.0005561102880164981, 0.00013256566307973117, 0.0004874161386396736, -0.00037646363489329815, 0.00037055095890536904, 0.0005250421236269176, -0.00030799437081441283, 1.1502244888106361e-05, 3.9785285480320454e-05, 0.0002940398990176618, -0.0008722450584173203, 0.002982698380947113, -0.001219191588461399, 0.0015609553083777428, 0.0018633361905813217, -0.00017207860946655273, 0.00030015327502042055, 0.0010161279933527112, -7.984141848282889e-05, 0.0006015058606863022, 0.001805187202990055, -0.00017406910774298012, 0.0006608366966247559, 0.0003640421782620251, 0.0014883867697790265, 0.0009464621543884277, 0.0008408201392740011, 0.00025771907530725, -0.0006887736381031573, 0.0020907993894070387, 0.0012629000702872872, -0.0036642649210989475, 0.005808943882584572, 0.0058744982816278934, 0.00027927150949835777, 0.0014969753101468086, 0.000729328312445432, 1.5851110219955444e-05, 0.0018042107112705708, -0.0004931299481540918, 0.00034222938120365143, 0.003197469050064683, -0.001792089082300663, 9.692087769508362e-05, 0.001685083145275712, -0.0002368399000260979, 0.4321422278881073, 0.0569772869348526, -0.1880507618188858, 0.01434587687253952, 8.72190430527553e-05, 0.04051152989268303, -0.38049861788749695, 0.019497843459248543, 0.1613001674413681]]}}