{"energy": -233.81814575195312, "forces": {"__ndarray__": [[39, 3], "float32", [-0.002953002694994211, -0.0030273827724158764, 0.1838330328464508, 0.001222388818860054, -0.0042656585574150085, 0.18019312620162964, 0.0013773185200989246, -0.007675038650631905, 0.21340793371200562, -0.0002184603363275528, 0.0019529275596141815, 0.1800471544265747, -0.0018596082227304578, 0.002554519334807992, 0.17134705185890198, 0.004031740594655275, -0.006157519295811653, 0.18071508407592773, 0.005586858838796616, 0.0015230270801112056, 0.20218123495578766, -0.008013268001377583, -4.892333163297735e-05, 0.19003674387931824, 0.005267908331006765, -0.003232592483982444, 0.23445965349674225, -0.006199169438332319, 0.012505714781582355, -0.1719571202993393, 0.005696955136954784, 0.008265920914709568, -0.12001485377550125, -0.006062722764909267, 0.004690925125032663, -0.14959341287612915, 0.02274632267653942, -0.009301139973104, -0.1212390810251236, -0.0001454381999792531, 0.0002130603534169495, -0.12699753046035767, -0.030742397531867027, -0.011201233603060246, -0.1171957477927208, 0.02120482735335827, -0.024338481947779655, -0.12700475752353668, 0.001718266517855227, -0.008077695965766907, -0.106771320104599, -0.027474623173475266, -0.017818287014961243, -0.12593570351600647, 0.0024185311049222946, 0.0020603814627975225, 0.00027675487217493355, -0.0004069147980771959, 0.0020347016397863626, 0.0012959949672222137, 0.00047105984413065016, 0.0007246205350384116, 0.0004526162811089307, 9.392097126692533e-07, 0.00048396640340797603, -0.00023768062237650156, 0.0003111216938123107, 0.0005081925191916525, -0.00014262046897783875, -8.49849238875322e-05, 0.000286865426460281, 0.00017577383550815284, -0.0008705491200089455, 0.00291546992957592, -0.0009583244100213051, 0.0015149740502238274, 0.0017710323445498943, -4.601571708917618e-05, 0.0002780738868750632, 0.0009709532023407519, 8.684109343448654e-05, 0.0005714818835258484, 0.0016155419871211052, -0.00027019059052690864, 0.00035827234387397766, 0.00032736192224547267, 0.0010127548594027758, 0.0008859671652317047, 0.0008365549147129059, 0.00014824890240561217, -0.00025451669353060424, 0.0021445187740027905, 0.0019348240457475185, -0.002696490613743663, 0.005183514207601547, 0.007603715639561415, 0.0002174442633986473, 0.001446699956431985, 0.0006135875009931624, -1.7480924725532532e-05, 0.0018128077499568462, -0.0004888160619884729, 0.0004625227302312851, 0.004391510505229235, -0.0033980892039835453, 5.427934229373932e-05, 0.0015506453346461058, -0.00025760888820514083, -0.1142180934548378, 0.0591202974319458, 0.019320370629429817, 0.013413039967417717, -0.0020754763390868902, 0.041708558797836304, 0.1694556623697281, 0.014026387594640255, -0.05762360990047455]]}}