{"energy": -233.8231658935547, "forces": {"__ndarray__": [[39, 3], "float32", [-0.002938611898571253, -0.002800184767693281, 0.18415318429470062, 0.0012354962527751923, -0.00414213165640831, 0.1811317652463913, 0.0013999079819768667, -0.007406969089061022, 0.21411973237991333, -4.704110324382782e-05, 0.00199979729950428, 0.18150408565998077, -0.001981924520805478, 0.002641395665705204, 0.1721659153699875, 0.004095457494258881, -0.006315791513770819, 0.18132974207401276, 0.005873564630746841, 0.0012651646975427866, 0.2026541531085968, -0.008305550552904606, -0.00013801467139273882, 0.19079913198947906, 0.0053548868745565414, -0.003449474461376667, 0.23522481322288513, -0.00624244287610054, 0.012378251180052757, -0.1709102988243103, 0.005746176466345787, 0.007974673993885517, -0.11953319609165192, -0.006115445867180824, 0.0046443515457212925, -0.1493530571460724, 0.022757988423109055, -0.009336349554359913, -0.12167607247829437, -0.00015274225734174252, 0.0002574916579760611, -0.12785914540290833, -0.03085857257246971, -0.011179844848811626, -0.11727810651063919, 0.021168852224946022, -0.02425042726099491, -0.12643839418888092, 0.0017121669370681047, -0.008058969862759113, -0.10976297408342361, -0.027612218633294106, -0.017627131193876266, -0.12592200934886932, 0.002427196130156517, 0.002055999357253313, 0.0002784149255603552, -0.00019320726278237998, 0.0019654857460409403, 0.0011082855053246021, 0.00053253403166309, 0.0007740639266557992, 0.00043423520401120186, 7.553517207270488e-05, 0.00037428553332574666, -0.000269068346824497, 0.0005716856685467064, 0.0006043072789907455, -0.0003986253868788481, -0.00011447825090726838, 0.00021862713037990034, 0.00023924163542687893, -0.0007777530699968338, 0.0028919903561472893, -0.0009909737855196, 0.0014868369325995445, 0.0017603118903934956, -1.5191733837127686e-05, 0.0002704635844565928, 0.001022649696096778, 0.00011750681733246893, 0.0006492612883448601, 0.0017172354273498058, -0.000294198194751516, 0.0005356837064027786, 0.00042505940655246377, 0.0009191877325065434, 0.000966537743806839, 0.0008664466440677643, 0.0002681231126189232, -7.767662464175373e-05, 0.002008063020184636, 0.0015141182811930776, -0.0014689841773360968, 0.005474681034684181, 0.007604022044688463, 0.000288121635094285, 0.0014888802543282509, 0.0006867434713058174, 5.9060752391815186e-05, 0.001863813609816134, -0.0005001638783141971, 0.00048768892884254456, 0.003575954120606184, -0.002716866321861744, 0.00014837272465229034, 0.0017104949802160263, -0.0001820968755055219, 0.028377316892147064, 0.05424557253718376, -0.039286818355321884, 0.011987043544650078, -0.0020303630735725164, 0.041065845638513565, 0.023846585303544998, 0.020360291004180908, 0.01068747229874134]]}}