{"energy": -233.82199096679688, "forces": {"__ndarray__": [[39, 3], "float32", [-0.002747013233602047, -0.00282934564165771, 0.18218114972114563, 0.0012193433940410614, -0.004040321335196495, 0.17854070663452148, 0.0013927621766924858, -0.007440145127475262, 0.21176089346408844, -5.6803226470947266e-05, 0.0017401725053787231, 0.17904677987098694, -0.0019710594788193703, 0.002306840382516384, 0.17029495537281036, 0.004037967883050442, -0.006358022335916758, 0.17924122512340546, 0.005602537654340267, 0.0010875847656279802, 0.1999361217021942, -0.007992275059223175, -5.70374759263359e-05, 0.18834088742733002, 0.005284774582833052, -0.0033012039493769407, 0.232591450214386, -0.0059943292289972305, 0.012006619945168495, -0.1692875325679779, 0.005613231100142002, 0.008035610429942608, -0.11827081441879272, -0.0061043258756399155, 0.004447368439286947, -0.14777164161205292, 0.022635405883193016, -0.009327183477580547, -0.12111594527959824, -0.00026898761279881, -4.692969378083944e-05, -0.12792780995368958, -0.03072340413928032, -0.011393778957426548, -0.11631700396537781, 0.020748188719153404, -0.024033574387431145, -0.1239500418305397, 0.0015976661816239357, -0.00777810113504529, -0.10768059641122818, -0.027296099811792374, -0.017547940835356712, -0.12347639352083206, 0.0026611913926899433, 0.002254334744066, 0.000553759397007525, -0.0004187050217296928, 0.002154940739274025, 0.0013192940969020128, 0.0005021481192670763, 0.000753744097892195, 0.00038205369492061436, 4.968990106135607e-05, 0.000502761744428426, -0.00028954417211934924, 0.0006628292030654848, 0.0007821957697160542, -0.0005355416797101498, -0.00014059511886443943, 0.00031190793379209936, 0.0001644875155761838, -0.000938081182539463, 0.0031446432694792747, -0.0011627543717622757, 0.0016110111027956009, 0.0020142830908298492, -0.00018075574189424515, 0.00025362230371683836, 0.0010170942405238748, 0.00015783683920744807, 0.0007081516087055206, 0.0018142694607377052, -0.00025293760700151324, 0.0005090814083814621, 0.0004995189374312758, 0.0009460755391046405, 0.0008471794426441193, 0.0009472225792706013, 0.00037463309126906097, -5.140146822668612e-05, 0.0020522645208984613, 0.0015006860485300422, -0.0014310675906017423, 0.002847731113433838, 0.001069854013621807, 0.00012437114492058754, 0.0014333974104374647, 0.0007567433640360832, 0.00021575205028057098, 0.0017750796396285295, -0.00047459363122470677, 0.0005815569311380386, 0.009378084912896156, -0.010234237648546696, 2.7995556592941284e-06, 0.0016054350417107344, -0.00020304783538449556, 0.029997166246175766, 0.06472381204366684, -0.04271893948316574, 0.012163231149315834, -0.014670907519757748, 0.05909625440835953, 0.023329051211476326, 0.021222474053502083, 0.010542542673647404]]}}